category,type,title,imageUrl,url,status
Accessories,sliders,New D'Addario NYXL Electric Guitar Strings,http://images.guitarcenter.com/Content/GC/promo/2015/08-Aug/category-sliders/slides/16687-GC-August-Merch-Selects-Web-Graphics-slides-access1.jpg,http://www.guitarcenter.com/New-D-Addario-NYXL-Electric-Guitar-Strings-g6707t1.gc ,disabled
Accessories,sliders,D'Addario Planet Waves Cables,http://images.guitarcenter.com/Content/GC/promo/2015/08-Aug/category-sliders/slides/16687-GC-August-Merch-Selects-Web-Graphics-slides-access2.jpg,"http://www.guitarcenter.com/Planet-Waves,Cables---Snakes-Accessories.gc?ipp=50",enabled
Accessories,sliders,Musician's Gear Stands and Wall Hangers,http://images.guitarcenter.com/Content/GC/promo/2015/08-Aug/category-sliders/slides/16687-GC-August-Merch-Selects-Web-Graphics-slides-access3.jpg,"http://www.guitarcenter.com/Musicians-Gear,Stands---Racks-Accessories.gc?ipp=50&o=5",enabled
Accessories,sliders,New Apparel from Your Favorite Bands and Top Music Brands,http://images.guitarcenter.com/Content/GC/promo/2015/08-Aug/category-sliders/slides/16687-GC-August-Merch-Selects-Web-Graphics-slides-access4.jpg,http://www.guitarcenter.com/Clothing-Clothing---Collectibles.gc?extup=Featured-New&ipp=50,enabled
Accessories,subheroes,Marshall Compact Refrigerator,http://images.guitarcenter.com/Content/GC/promo/2015/08-Aug/category-sliders/subheroes/16687-GC-August-Merch-Selects-Web-Graphics-subheroes-access1.jpg,http://www.guitarcenter.com/Marshall-Compact-Refrigerator-108943036-i2979113.gc,enabled
Accessories,subheroes,Fender Kitchen Accessories,http://images.guitarcenter.com/Content/GC/promo/2015/08-Aug/category-sliders/subheroes/16687-GC-August-Merch-Selects-Web-Graphics-subheroes-access2.jpg,"http://www.guitarcenter.com/Fender,Kitchen-Accessories-Home-Furnishings.gc?ipp=50",enabled
Accessories,subheroes,Musician's Gear Cable Bundles,http://images.guitarcenter.com/Content/GC/promo/2015/08-Aug/category-sliders/subheroes/16687-GC-August-Merch-Selects-Web-Graphics-subheroes-access3.jpg,"http://www.guitarcenter.com/Musicians-Gear,Cables-Cables---Snakes.gc?src=Cable+Pack&ipp=50&internal=1&browser=&fsrc=cable%20pack",enabled
Accessories,subheroes,Shop Our Huge Selection of Bar Stools,http://images.guitarcenter.com/Content/GC/promo/2015/08-Aug/category-sliders/subheroes/16687-GC-August-Merch-Selects-Web-Graphics-subheroes-access4.jpg,http://www.guitarcenter.com/Bar-Stools-Chairs---Stools-for-Home.gc?ipp=50,enabled
Accessories,subheroes,Keyboard Stands and Racks,http://images.guitarcenter.com/Content/GC/promo/2015/08-Aug/category-sliders/subheroes/16687-GC-August-Merch-Selects-Web-Graphics-subheroes-access5.jpg,http://www.guitarcenter.com/Keyboard-Stands---Racks-Stands---Racks.gc?ipp=50,enabled
Accessories,subheroes,New Gator Frameworks Speaker Stand Pair,http://images.guitarcenter.com/Content/GC/promo/2015/08-Aug/category-sliders/subheroes/16687-GC-August-Merch-Selects-Web-Graphics-subheroes-access6.jpg,http://www.guitarcenter.com/Gator-GFW-ID-Series-Speaker-Stands-With-Bag--Pair--J24031-i4368181.gc,enabled
Amps,sliders,New Fender '65 Deluxe Reverb,http://images.guitarcenter.com/Content/GC/promo/2015/08-Aug/category-sliders/slides/16687-GC-August-Merch-Selects-Web-Graphics-slides-amps1.jpg,http://www.guitarcenter.com/Fender-Limited-Edition--65-Deluxe-Reverb-22W-Tube-Guitar-Combo-Amp-Black-Western-111386827-i4375946.gc,enabled
Amps,sliders,FREE 3-Pack of D'Addario EXL110-E Guitar Strings,http://images.guitarcenter.com/Content/GC/promo/2015/08-Aug/category-sliders/slides/16687-GC-August-Merch-Selects-Web-Graphics-slides-amps2.jpg,http://www.guitarcenter.com/TC-Rebate-g6706t1.gc ,disabled
Amps,sliders,Marshall DSL40C ,http://images.guitarcenter.com/Content/GC/promo/2015/08-Aug/category-sliders/slides/16687-GC-August-Merch-Selects-Web-Graphics-slides-amps3.jpg,http://www.guitarcenter.com/Marshall-DSL40C--g6281t1.gc ,enabled
Amps,subheroes,Instant Rebates On Select Line 6 Spider Amps,http://images.guitarcenter.com/Content/GC/promo/2015/08-Aug/category-sliders/subheroes/16687-GC-August-Merch-Selects-Web-Graphics-subheroes-amps1.jpg,http://www.guitarcenter.com/Instant-Rebates-Line-6-Spider-Amps-g6708t1.gc ,enabled
Amps,subheroes,DigiTech Trio Band Creator Guitar Effects Pedal,http://images.guitarcenter.com/Content/GC/promo/2015/08-Aug/category-sliders/subheroes/16687-GC-August-Merch-Selects-Web-Graphics-subheroes-amps2.jpg,http://www.guitarcenter.com/Digitech-Trio-Band-Creator-Guitar-Effects-Pedal-111118196-i4173545.gc,enabled
Amps,subheroes,Roland Micro Cube GX Amps,http://images.guitarcenter.com/Content/GC/promo/2015/08-Aug/category-sliders/subheroes/16687-GC-August-Merch-Selects-Web-Graphics-subheroes-amps3.jpg,http://www.guitarcenter.com/Roland-Micro-Cube-GX-3W-1x5-Battery-Powered-Guitar-Combo-Amp-109455196-i3284263.gc,enabled
Amps,subheroes,FREE Gift with Boss GT-001 Guitar Effects Processor   ,http://images.guitarcenter.com/Content/GC/promo/2015/08-Aug/category-sliders/subheroes/16687-GC-August-Merch-Selects-Web-Graphics-subheroes-amps4.jpg,http://www.guitarcenter.com/Boss-GT-001-Guitar-Effects-Processor-110159647-i3665073.gc,enabled
Amps,subheroes,Orange OB1 Analog Bass Heads,http://images.guitarcenter.com/Content/GC/promo/2015/08-Aug/category-sliders/subheroes/16687-GC-August-Merch-Selects-Web-Graphics-subheroes-amps5.jpg,http://www.guitarcenter.com/Orange-OB1-g6705t1.gc ,enabled
Amps,subheroes,FREE e-Gift Certificate with Yamaha THR Modeling Amps,http://images.guitarcenter.com/Content/GC/promo/2015/08-Aug/category-sliders/subheroes/16687-GC-August-Merch-Selects-Web-Graphics-subheroes-amps6.jpg,http://www.guitarcenter.com/Yamaha-THR-Modeling-Amps-g6704t1.gc ,enabled
Bass,sliders,Ibanez Black Eagle,http://images.guitarcenter.com/Content/GC/promo/2015/08-Aug/category-sliders/slides/16687-GC-August-Merch-Selects-Web-Graphics-slides-bass1.jpg,http://www.guitarcenter.com/Ibanez-Black-Eagle-Electric-Bass-Guitar-111023180-i4163846.gc,enabled
Bass,sliders,American Deluxe Basses,http://images.guitarcenter.com/Content/GC/promo/2015/08-Aug/category-sliders/slides/16687-GC-August-Merch-Selects-Web-Graphics-slides-bass2.jpg,http://www.guitarcenter.com/Fender-American-Deluxe-Bass-Collection-g6711t1.gc ,enabled
Bass,sliders,Markbass Sale,http://images.guitarcenter.com/Content/GC/promo/2015/08-Aug/category-sliders/slides/16687-GC-August-Merch-Selects-Web-Graphics-slides-bass3.jpg,http://www.guitarcenter.com/Markbass-Sale-g6714t1.gc ,enabled
Bass,subheroes,Fender Special Edition Deluxe Ash Jazz Bass Natural Ash ,http://images.guitarcenter.com/Content/GC/promo/2015/08-Aug/category-sliders/subheroes/16687-GC-August-Merch-Selects-Web-Graphics-subheroes-bass1.jpg,http://www.guitarcenter.com/Fender-Special-Edition-Deluxe-Ash-Jazz-Bass-102571049-i1149721.gc,disabled
Bass,subheroes,New Ibanez SR650 4-String Electric Bass Guitar ,http://images.guitarcenter.com/Content/GC/promo/2015/07-Jul/category-sliders/subheroes/16174-GC-July-Merch-Selects-subhero-bass2.jpg,http://www.guitarcenter.com/Ibanez-SR650-4-String-Electric-Bass-Guitar-110998242-i4093328.gc,enabled
Bass,subheroes,Ibanez Fanned Fret Basses,http://images.guitarcenter.com/Content/GC/promo/2015/08-Aug/category-sliders/subheroes/16687-GC-August-Merch-Selects-Web-Graphics-subheroes-bass2-v2.jpg,http://www.guitarcenter.com/Ibanez-Fanned-Fret-Basses-g6712t1.gc ,enabled
Bass,subheroes,Sterling by Music Man Electric Basses,http://images.guitarcenter.com/Content/GC/promo/2015/08-Aug/category-sliders/subheroes/16687-GC-August-Merch-Selects-Web-Graphics-subheroes-bass3-v2.jpg,"http://www.guitarcenter.com/Sterling-by-Music-Man,Bass,New-Gear.gc?ipp=50",enabled
Bass,subheroes,Ibanez AEB5E Acoustic-Electric Bass ,http://images.guitarcenter.com/Content/GC/promo/2015/08-Aug/category-sliders/subheroes/16687-GC-August-Merch-Selects-Web-Graphics-subheroes-bass4.jpg,http://www.guitarcenter.com/Ibanez-AEB5E-Acoustic-Electric-Bass-105956627-i1470159.gc,enabled
Bass,subheroes,Fender Rumble Bass Combo Amps,http://images.guitarcenter.com/Content/GC/promo/2015/08-Aug/category-sliders/subheroes/16687-GC-August-Merch-Selects-Web-Graphics-subheroes-bass5.jpg,http://www.guitarcenter.com/Fender-Rumble-g6122t1.gc ,enabled
Bass,subheroes,Electro-Harmonix Bass Effects Pedals,http://images.guitarcenter.com/Content/GC/promo/2015/08-Aug/category-sliders/subheroes/16687-GC-August-Merch-Selects-Web-Graphics-subheroes-bass6.jpg,"http://www.guitarcenter.com/Electro-Harmonix,Bass-Effects-Pedals-Effects-Pedals,New-Gear.gc?ipp=50",enabled
Books,sliders,Essential Elements for Band and Strings,http://images.guitarcenter.com/Content/GC/promo/2015/08-Aug/category-sliders/slides/16687-GC-August-Merch-Selects-Web-Graphics-slides-books1.jpg,http://www.guitarcenter.com/Hal-Leonard.gc?src=Essential+Elements&ipp=25&internal=1&browser=&fsrc=essential%20elements,enabled
Books,sliders,New Media titles - current,http://images.guitarcenter.com/Content/GC/promo/2015/08-Aug/category-sliders/slides/16687-GC-August-Merch-Selects-Web-Graphics-slides-books2.jpg,http://www.guitarcenter.com/Books--Sheet-Music---Media.gc?extup=Featured-New&ipp=50,enabled
Books,sliders,Vinyl - current,http://images.guitarcenter.com/Content/GC/promo/2015/08-Aug/category-sliders/slides/16687-GC-August-Merch-Selects-Web-Graphics-slides-books3.jpg,http://www.guitarcenter.com/Vinyl-Collection-g6377t1.gc,enabled
Books,subheroes,Proline - current,http://images.guitarcenter.com/Content/GC/promo/2015/08-Aug/category-sliders/subheroes/16687-GC-August-Merch-Selects-Web-Graphics-subheroes-books1.jpg,"http://www.guitarcenter.com/ProLine,Books--Sheet-Music---Media.gc",enabled
Books,subheroes,chord buddy - current,http://images.guitarcenter.com/Content/GC/promo/2015/08-Aug/category-sliders/subheroes/16687-GC-August-Merch-Selects-Web-Graphics-subheroes-books2.jpg,"http://www.guitarcenter.com/Perry-s-Music-ChordBuddy-Guitar-Learning-System--Worship-Edition-J14270-i3919284.gc",enabled
Books,subheroes,Alfred Serious Blues DVDs,http://images.guitarcenter.com/Content/GC/promo/2015/08-Aug/category-sliders/subheroes/16687-GC-August-Merch-Selects-Web-Graphics-subheroes-books3.jpg,http://www.guitarcenter.com/Alfred-Serious-Blues-g6277t1.gc,enabled
Books,subheroes,Hal Leonard Gibson's Learn & Master Guitar Boxed DVD/CD Set Legacy Of Learning Series,http://images.guitarcenter.com/Content/GC/promo/2015/08-Aug/category-sliders/subheroes/16687-GC-August-Merch-Selects-Web-Graphics-subheroes-books4.jpg,http://www.guitarcenter.com/Hal-Leonard-Gibson-s-Learn---Master-Guitar-Boxed-DVD-CD-Set-Legacy-Of-Learning-Series-106374275-i1847383.gc,enabled
Books,subheroes,eMedia Piano and Keyboard Method Deluxe 2 CD-ROM Set,http://images.guitarcenter.com/Content/GC/promo/2015/08-Aug/category-sliders/subheroes/16687-GC-August-Merch-Selects-Web-Graphics-subheroes-books5.jpg,http://www.guitarcenter.com/eMedia-Piano-and-Keyboard-Method-Deluxe-2-CD-ROM-Set-104787510-i1372022.gc,enabled
Books,subheroes,Playing cards and games,http://images.guitarcenter.com/Content/GC/promo/2015/08-Aug/category-sliders/subheroes/16687-GC-August-Merch-Selects-Web-Graphics-subheroes-books6.jpg,http://www.guitarcenter.com/Card-Games---Board-Games-Games.gc,enabled
DJ,sliders,Best-Seller Pioneer XDJ-RX Rekordbox DJ System,http://images.guitarcenter.com/Content/GC/promo/2015/08-Aug/category-sliders/slides/16687-GC-August-Merch-Selects-Web-Graphics-slides-dj1.jpg,http://www.guitarcenter.com/Pioneer-XDJ-RX-Rekordbox-DJ-System-111273959-i4332450.gc,enabled
DJ,sliders,Save on Native Instruments TRAKTOR KONTROL Z2,http://images.guitarcenter.com/Content/GC/promo/2015/08-Aug/category-sliders/slides/16687-GC-August-Merch-Selects-Web-Graphics-slides-dj2.jpg,http://www.guitarcenter.com/Native-Instruments-Traktor-Kontrol-Z2-108437187-i2768340.gc,enabled
DJ,sliders,New Pioneer DDJ-SZ GOLD DJ Controller,http://images.guitarcenter.com/Content/GC/promo/2015/08-Aug/category-sliders/slides/16687-GC-August-Merch-Selects-Web-Graphics-slides-dj3-v2.jpg,http://www.guitarcenter.com/Pioneer-DDJ-SZ-GOLD-DJ-Controller-111125076-i4229080.gc,enabled
DJ,subheroes,New Numark Mixtrack DJ Controller Series,http://images.guitarcenter.com/Content/GC/promo/2015/08-Aug/category-sliders/subheroes/16687-GC-August-Merch-Selects-Web-Graphics-subheroes-dj1.jpg,http://www.guitarcenter.com/New-Numark-Mixtrack-DJ-Controller-Series-g6500t1.gc,enabled
DJ,subheroes,New Denon DS1 Professional 2-Channel Serato DJ DVS Interface,http://images.guitarcenter.com/Content/GC/promo/2015/08-Aug/category-sliders/subheroes/16687-GC-August-Merch-Selects-Web-Graphics-subheroes-dj2.jpg,http://www.guitarcenter.com/Denon-DS1-Professional-2-Channel-Serato-DJ-DVS-Interface-111383931-i4366640.gc,enabled
DJ,subheroes,Best-Seller Numark NV DJ Controller,http://images.guitarcenter.com/Content/GC/promo/2015/08-Aug/category-sliders/subheroes/16687-GC-August-Merch-Selects-Web-Graphics-subheroes-dj3.jpg,http://www.guitarcenter.com/Numark-NV-DJ-Controller-110602034-i3886042.gc,enabled
DJ,subheroes,New Gruv Glide Record Cleaner,http://images.guitarcenter.com/Content/GC/promo/2015/08-Aug/category-sliders/subheroes/16687-GC-August-Merch-Selects-Web-Graphics-subheroes-dj4.jpg,http://www.guitarcenter.com/-i4229065.gc,enabled
DJ,subheroes,New Pioneer DDJ-WEGO3 Compact DJ Controller with iOS Compatibility,http://images.guitarcenter.com/Content/GC/promo/2015/08-Aug/category-sliders/subheroes/16687-GC-August-Merch-Selects-Web-Graphics-subheroes-dj5.jpg,http://www.guitarcenter.com/Pioneer-DDJ-WEGO3-Compact-DJ-Controller-with-iOS-Compatibility-111273991-i4332447.gc,enabled
DJ,subheroes,New Singtrix Party Bundle Home Karaoke System,http://images.guitarcenter.com/Content/GC/promo/2015/08-Aug/category-sliders/subheroes/16687-GC-August-Merch-Selects-Web-Graphics-subheroes-dj6.jpg,http://www.guitarcenter.com/Singtrix-Party-Bundle-Home-Karaoke-System-110859428-i3998469.gc,enabled
Drums,sliders,"Exclusive Sound Percussion Labs Kicker Pro - 5 Piece Drum Set with Stands, Cymbals",http://images.guitarcenter.com/Content/GC/promo/2015/08-Aug/category-sliders/slides/16687-GC-August-Merch-Selects-Web-Graphics-slides-drums1.jpg,http://www.guitarcenter.com/Sound-Percussion-Labs-Kicker-Pro---5-Piece-Drum-Set-with-Stands--Cymbals--and-Throne-110167566-i3680474.gc,enabled
Drums,sliders,Exclusive Snare Drums,http://images.guitarcenter.com/Content/GC/promo/2015/08-Aug/category-sliders/slides/16687-GC-August-Merch-Selects-Web-Graphics-slides-drums2.jpg,http://www.guitarcenter.com/Exclusive-Snares-g6516t1.gc,enabled
Drums,sliders,Free OCDP Piccolo snare with Zildjian Super Pack,http://images.guitarcenter.com/Content/GC/promo/2015/08-Aug/category-sliders/slides/16687-GC-August-Merch-Selects-Web-Graphics-slides-drums3.jpg,http://www.guitarcenter.com/Zildjian-ZBT-390-Series-Super-Cymbal-Pack-109139808-i3091514.gc,enabled
Drums,subheroes,New and Exclusive Baja Percussion Collection,http://images.guitarcenter.com/Content/GC/promo/2015/07-Jul/category-sliders/subheroes/16174-GC-July-Merch-Selects-subhero-drums5.jpg,http://www.guitarcenter.com/Baja-Percussion-g6430t1.gc,enabled
Drums,subheroes,Save $80 on Pearl Rhythm Traveler Drum Set with Cymbals & Hardware ,http://images.guitarcenter.com/Content/GC/promo/2015/08-Aug/category-sliders/subheroes/16687-GC-August-Merch-Selects-Web-Graphics-subheroes-drums1.jpg,http://www.guitarcenter.com/Pearl-Rhythm-Traveler-Drum-Set-with-Cymbals---Hardware-H87286-i2616106.gc,disabled
Drums,subheroes,Save $100 on Yamaha DTX430K Kit,http://images.guitarcenter.com/Content/GC/promo/2015/08-Aug/category-sliders/subheroes/16687-GC-August-Merch-Selects-Web-Graphics-subheroes-drums2.jpg,http://www.guitarcenter.com/Yamaha-DTX430K-Electronic-Drum-Set-108253782-i2630980.gc,enabled
Drums,subheroes,Save $20 on SCHLAGWERK X-One Series Cajon,http://images.guitarcenter.com/Content/GC/promo/2015/08-Aug/category-sliders/subheroes/16687-GC-August-Merch-Selects-Web-Graphics-subheroes-drums3.jpg,http://www.guitarcenter.com/SCHLAGWERK-X-One-Series-Cajon-110587169-i3858108.gc,enabled
Drums,subheroes,Save $30 on PDP 900 Series Hardware Pack,http://images.guitarcenter.com/Content/GC/promo/2015/08-Aug/category-sliders/subheroes/16687-GC-August-Merch-Selects-Web-Graphics-subheroes-drums4.jpg,http://www.guitarcenter.com/PDP-900-Series-Hardware-Pack-103923587-i1175631.gc,enabled
Drums,subheroes,Save $50 on Sabian B8X Performance Pack,http://images.guitarcenter.com/Content/GC/promo/2015/08-Aug/category-sliders/subheroes/16687-GC-August-Merch-Selects-Web-Graphics-subheroes-drums5.jpg,http://www.guitarcenter.com/Sabian-B8X-Performance-Pack-110894649-i4089578.gc,enabled
Drums,subheroes,Ludwig Breakbeats by Questlove 4-Piece Shell Pack,http://images.guitarcenter.com/Content/GC/promo/2015/08-Aug/category-sliders/subheroes/16687-GC-August-Merch-Selects-Web-Graphics-subheroes-drums6.jpg,http://www.guitarcenter.com/Ludwig-Breakbeats-by-Questlove-4-Piece-Shell-Pack-108581364-i2813178.gc,enabled
Guitars,sliders,Gibson Price Drops,http://images.guitarcenter.com/Content/GC/promo/2015/08-Aug/category-sliders/slides/16687-GC-August-Merch-Selects-Web-Graphics-slides-guitar1.jpg,http://www.guitarcenter.com/Gibson-USA-2015-Sale-Collection-g6713t1.gc ,enabled
Guitars,sliders,Fender LTD Edition Closeout,http://images.guitarcenter.com/Content/GC/promo/2015/08-Aug/category-sliders/slides/16687-GC-August-Merch-Selects-Web-Graphics-slides-guitar2-v2.jpg,http://www.guitarcenter.com/Fender-Limited-Edition-Sale-g6709t1.gc ,enabled
Guitars,sliders,Ibanez RG6005 Quilt Maple,http://images.guitarcenter.com/Content/GC/promo/2015/08-Aug/category-sliders/slides/16687-GC-August-Merch-Selects-Web-Graphics-slides-guitar3.jpg,http://www.guitarcenter.com/-i4176777.gc,enabled
Guitars,sliders,Ernie Ball Bonamassa Experience,http://images.guitarcenter.com/Content/GC/promo/2015/08-Aug/category-sliders/slides/experience-bonamassa-GC-775x202_a.jpg,http://www.guitarcenter.com/Ernie-Ball-Bonamassa-Experience-g28228t0.gc,enabled
Guitars,subheroes,Gretsch Guitars G5420T Electromatic Hollowbody,http://images.guitarcenter.com/Content/GC/promo/2015/08-Aug/category-sliders/subheroes/16687-GC-August-Merch-Selects-Web-Graphics-subheroes-guitar1.jpg,http://www.guitarcenter.com/Gretsch-5420T-Collection-g6710t1.gc ,enabled
Guitars,subheroes,Gibson Studio Deluxe III,http://images.guitarcenter.com/Content/GC/promo/2015/08-Aug/category-sliders/subheroes/16687-GC-August-Merch-Selects-Web-Graphics-subheroes-guitar2.jpg,http://www.guitarcenter.com/Gibson-Les-Paul-Studio-Deluxe-III-Electric-Guitar-111260683-i4287388.gc,enabled
Guitars,subheroes,ESP LTD Electrics,http://images.guitarcenter.com/Content/GC/promo/2015/08-Aug/category-sliders/subheroes/16687-GC-August-Merch-Selects-Web-Graphics-subheroes-guitar3.jpg,http://www.guitarcenter.com/ESP-LTD-Collection-g6715t1.gc ,enabled
Guitars,subheroes,Martin Ed Sheeran X Signature ,http://images.guitarcenter.com/Content/GC/promo/2015/08-Aug/category-sliders/subheroes/16687-GC-August-Merch-Selects-Web-Graphics-subheroes-guitar4.jpg,http://www.guitarcenter.com/Martin-X-Series-Ed-Sheeran-X-Signature-Edition-Little-Martin-Acoustic-Electric-Guitar-111254355-i4199796.gc,enabled
Guitars,subheroes,Alvarez Grateful Dead 50th Anniversary Acoustic Guitar,http://images.guitarcenter.com/Content/GC/promo/2015/08-Aug/category-sliders/subheroes/16687-GC-August-Merch-Selects-Web-Graphics-subheroes-guitar5.jpg,http://www.guitarcenter.com/Alvarez-Grateful-Dead-50th-Anniversary-Acoustic-Guitar-110742962-i3945401.gc,enabled
Guitars,subheroes,PRS SE Alex Lifeson Thinline Acoustic/Electric,http://images.guitarcenter.com/Content/GC/promo/2015/08-Aug/category-sliders/subheroes/16687-GC-August-Merch-Selects-Web-Graphics-subheroes-guitar6.jpg,"http://www.guitarcenter.com/PRS-SE-Alex-Lifeson-Thinline-Acoustic-Electric-Guitar-111022752-i4162020.gc",enabled
Keyboards,sliders,New Casio CGP-700 Digital Piano,http://images.guitarcenter.com/Content/GC/promo/2015/08-Aug/category-sliders/slides/16507-GC-Casio-CGP700-Web-Graphics-775x202-category-page-slider.jpg,http://www.guitarcenter.com/Casio-CGP700BK-Digital-Compact-Grand-Piano-111270260-i4321776.gc,enabled
Keyboards,sliders,New reface Mobile Mini Keyboards,http://images.guitarcenter.com/Content/GC/promo/2015/08-Aug/category-sliders/slides/16687-GC-August-Merch-Selects-Web-Graphics-slides-keyboards1.jpg,http://www.guitarcenter.com/New-Reface-Mobile-Mini-Keyboards-g6675t1.gc,enabled
Keyboards,sliders,New Casio CGP-700 Digital Piano,http://images.guitarcenter.com/Content/GC/promo/2015/08-Aug/category-sliders/slides/16687-GC-August-Merch-Selects-Web-Graphics-slides-keyboards2.jpg,http://www.guitarcenter.com/Casio-CGP700BK-Digital-Compact-Grand-Piano-111270260-i4321776.gc,duplicate
Keyboards,sliders,New Novation LaunchPad and LaunchPad Pro,http://images.guitarcenter.com/Content/GC/promo/2015/08-Aug/category-sliders/slides/16687-GC-August-Merch-Selects-Web-Graphics-slides-keyboards3.jpg,http://www.guitarcenter.com/Novation-LaunchPad-and-LaunchPad-Pro-g6676t1.gc,enabled
Keyboards,subheroes,Save on CDP-130 Digital Piano,http://images.guitarcenter.com/Content/GC/promo/2015/08-Aug/category-sliders/subheroes/16687-GC-August-Merch-Selects-Web-Graphics-subheroes-keyboards1.jpg,http://www.guitarcenter.com/Casio-CDP-130-Digital-Piano-110303088-i3725926.gc,enabled
Keyboards,subheroes,Best Sellers Williams Digital Pianos,http://images.guitarcenter.com/Content/GC/promo/2015/08-Aug/category-sliders/subheroes/16687-GC-August-Merch-Selects-Web-Graphics-subheroes-keyboards2.jpg,http://www.guitarcenter.com/Williams-Digital-Pianos-g5989t1.gc,enabled
Keyboards,subheroes,Save on M-Audio Trigger Finger Pro,http://images.guitarcenter.com/Content/GC/promo/2015/08-Aug/category-sliders/subheroes/16687-GC-August-Merch-Selects-Web-Graphics-subheroes-keyboards3.jpg,http://www.guitarcenter.com/M-Audio-Trigger-Finger-Pro-USB-Controller-110322617-i3755324.gc,enabled
Keyboards,subheroes,New M-Audio Code MIDI Keyboard Controllers,http://images.guitarcenter.com/Content/GC/promo/2015/08-Aug/category-sliders/subheroes/16687-GC-August-Merch-Selects-Web-Graphics-subheroes-keyboards4.jpg,http://www.guitarcenter.com/M-Audio-Code-MIDI-Keyboard-Controllers-g6677t1.gc,enabled
Keyboards,subheroes,New Roland Crossover Synths,http://images.guitarcenter.com/Content/GC/promo/2015/08-Aug/category-sliders/subheroes/16687-GC-August-Merch-Selects-Web-Graphics-subheroes-keyboards5.jpg,http://www.guitarcenter.com/New-Roland-Crossover-Synths-g6580t1.gc,enabled
Keyboards,subheroes,Best Seller Pocket Operator Series from Teenage Engineering,http://images.guitarcenter.com/Content/GC/promo/2015/08-Aug/category-sliders/subheroes/16687-GC-August-Merch-Selects-Web-Graphics-subheroes-keyboards6.jpg,http://www.guitarcenter.com/Teenage-Engineering-Pocket-Operator-Series-g6170t1.gc,enabled
Livesound,sliders,Best-Sellers Digital Mixers ,http://images.guitarcenter.com/Content/GC/promo/2015/08-Aug/category-sliders/slides/16687-GC-August-Merch-Selects-Web-Graphics-slides-livesound1.jpg,http://www.guitarcenter.com/Best-Sellers-Digital-Mixers--g6681t1.gc,disabled
Livesound,sliders,Best-Sellers Harbinger,http://images.guitarcenter.com/Content/GC/promo/2015/08-Aug/category-sliders/slides/16687-GC-August-Merch-Selects-Web-Graphics-slides-livesound2.jpg,http://www.guitarcenter.com/Harbinger-g6682t1.gc,enabled
Livesound,sliders,New Crown XLS Series Power Amplifiers,http://images.guitarcenter.com/Content/GC/promo/2015/08-Aug/category-sliders/slides/16687-GC-August-Merch-Selects-Web-Graphics-slides-livesound3.jpg,http://www.guitarcenter.com/New-Crown-XLS-Series-g6683t1.gc,enabled
Livesound,subheroes,New Mackie FreePlay Personal PA,http://images.guitarcenter.com/Content/GC/promo/2015/08-Aug/category-sliders/subheroes/16687-GC-August-Merch-Selects-Web-Graphics-subheroes-livesound1.jpg,http://www.guitarcenter.com/Mackie-FreePlay-Personal-PA-111005906-i4124685.gc,enabled
Livesound,subheroes,New Behringer X-Series Digital Mixers,http://images.guitarcenter.com/Content/GC/promo/2015/08-Aug/category-sliders/subheroes/16687-GC-August-Merch-Selects-Web-Graphics-subheroes-livesound2.jpg,http://www.guitarcenter.com/Behringer-X-Series-Digital-Mixers-g6582t1.gc,enabled
Livesound,subheroes,New Electro-Voice EKX Powered Speakers,http://images.guitarcenter.com/Content/GC/promo/2015/08-Aug/category-sliders/subheroes/16687-GC-August-Merch-Selects-Web-Graphics-subheroes-livesound3.jpg,http://www.guitarcenter.com/Electro-Voice-EKX-Powered-Speakers-g6517t1.gc,enabled
Livesound,subheroes,New Peavey Dark Matter Series,http://images.guitarcenter.com/Content/GC/promo/2015/08-Aug/category-sliders/subheroes/16687-GC-August-Merch-Selects-Web-Graphics-subheroes-livesound4.jpg,http://www.guitarcenter.com/Peavey-Dark-Matter-Series-g6514t1.gc,enabled
Livesound,subheroes,New GaffGun GaffGun Bundle,http://images.guitarcenter.com/Content/GC/promo/2015/08-Aug/category-sliders/subheroes/16687-GC-August-Merch-Selects-Web-Graphics-subheroes-livesound5.jpg,http://www.guitarcenter.com/GaffGun-GaffGun-Bundle-111253092-i4255478.gc,enabled
Livesound,subheroes,New Soundcraft Si Image Digital Mixer,http://images.guitarcenter.com/Content/GC/promo/2015/08-Aug/category-sliders/subheroes/16687-GC-August-Merch-Selects-Web-Graphics-subheroes-livesound6.jpg,http://www.guitarcenter.com/Soundcraft-Si-Impact-32-Channel-Digital-Mixer-111259016-i4284178.gc,enabled
Mics,sliders,New Shure Motiv Mics,http://images.guitarcenter.com/Content/GC/promo/2015/08-Aug/category-sliders/slides/16687-GC-August-Merch-Selects-Web-Graphics-slides-mics1.jpg,http://www.guitarcenter.com/Shure-Motiv-g6679t1.gc,disabled
Mics,sliders,New Beyerdynamic Headphones,http://images.guitarcenter.com/Content/GC/promo/2015/08-Aug/category-sliders/slides/16687-GC-August-Merch-Selects-Web-Graphics-slides-mics2.jpg,http://www.guitarcenter.com/Beyerdynamic-Headphones-g6680t1.gc,enabled
Mics,sliders,Save on Blue Encore,http://images.guitarcenter.com/Content/GC/promo/2015/08-Aug/category-sliders/slides/16687-GC-August-Merch-Selects-Web-Graphics-slides-mics3.jpg,http://www.guitarcenter.com/Save-on-Blue-enCORE-g6555t1.gc,enabled
Mics,subheroes,New AKG D5 LX,http://images.guitarcenter.com/Content/GC/promo/2015/08-Aug/category-sliders/subheroes/16687-GC-August-Merch-Selects-Web-Graphics-subheroes-mics1.jpg,http://www.guitarcenter.com/-i4371299.gc,enabled
Mics,subheroes,Save on AKG K553 Pro Closed-Back Headphones,http://images.guitarcenter.com/Content/GC/promo/2015/08-Aug/category-sliders/subheroes/16687-GC-August-Merch-Selects-Web-Graphics-subheroes-mics2.jpg,http://www.guitarcenter.com/AKG-K553-Pro-Closed-Back-Studio-Headphones-111124236-i4188514.gc,enabled
Mics,subheroes,Save on Sterling Recording Mics,http://images.guitarcenter.com/Content/GC/promo/2015/08-Aug/category-sliders/subheroes/16687-GC-August-Merch-Selects-Web-Graphics-subheroes-mics3.jpg,http://www.guitarcenter.com/Sterling-Mics-g5776t1.gc,enabled
Mics,subheroes,New Sennheiser D1 Digital Wireless,http://images.guitarcenter.com/Content/GC/promo/2015/08-Aug/category-sliders/subheroes/16687-GC-August-Merch-Selects-Web-Graphics-subheroes-mics4.jpg,http://www.guitarcenter.com/New-Sennheiser-D1-Wireless-g6678t1.gc,enabled
Mics,subheroes,Save on Panasonic Technics RPDH-1250-S  Headphones,http://images.guitarcenter.com/Content/GC/promo/2015/08-Aug/category-sliders/subheroes/16687-GC-August-Merch-Selects-Web-Graphics-subheroes-mics5.jpg,http://www.guitarcenter.com/Panasonic-Technics-RP-DH1250-S-Pro-DJ-Headphones-109111005-i3942406.gc,enabled
Mics,subheroes,Save on V-Moda LP2 and M100 Headphones,http://images.guitarcenter.com/Content/GC/promo/2015/08-Aug/category-sliders/subheroes/16687-GC-August-Merch-Selects-Web-Graphics-subheroes-mics6.jpg,http://www.guitarcenter.com/V-Moda-LP2-and-M100-g5936t1.gc,enabled
Recording,sliders,New Universal Audio Apollo Interfaces,http://images.guitarcenter.com/Content/GC/promo/2015/08-Aug/category-sliders/slides/16687-GC-August-Merch-Selects-Web-Graphics-slides-recording1.jpg,http://www.guitarcenter.com/UA-Apollo-2015-g6262t1.gc,enabled
Recording,sliders,Save on Presonus Black Audiobox 2x2 USB,http://images.guitarcenter.com/Content/GC/promo/2015/08-Aug/category-sliders/slides/16687-GC-August-Merch-Selects-Web-Graphics-slides-recording2.jpg,http://www.guitarcenter.com/Presonus-Black-Audiobox-2x2-USB-2-0-Recording-System-110445350-i3937437.gc,enabled
Recording,sliders,"Save on Focusrite 18i8, Scarlett Solo, and Saffire Pro 40",http://images.guitarcenter.com/Content/GC/promo/2015/08-Aug/category-sliders/slides/16687-GC-August-Merch-Selects-Web-Graphics-slides-recording3.jpg,http://www.guitarcenter.com/Focusrite-Savings-g5503t1.gc,disabled
Recording,subheroes,Exclusive JBL LSR 305 White Limited Edition,http://images.guitarcenter.com/Content/GC/promo/2015/08-Aug/category-sliders/subheroes/16687-GC-August-Merch-Selects-Web-Graphics-subheroes-recording1.jpg,http://www.guitarcenter.com/JBL-LSR305-WH-5--Powered-Studio-Monitor---Limited-Edition-White-111265328-i4300366.gc,enabled
Recording,subheroes,New GoPro HERO4 Session,http://images.guitarcenter.com/Content/GC/promo/2015/08-Aug/category-sliders/subheroes/16687-GC-August-Merch-Selects-Web-Graphics-subheroes-recording2.jpg,http://www.guitarcenter.com/GoPro-HERO4-Session-111389516-i4380668.gc,enabled
Recording,subheroes,Save on Complete Mac Mini Bundle ,http://images.guitarcenter.com/Content/GC/promo/2015/08-Aug/category-sliders/subheroes/16687-GC-August-Merch-Selects-Web-Graphics-subheroes-recording3.jpg,http://www.guitarcenter.com/Apple-Complete-Recording-Studio-with-Mac-Mini-v-4-110592656-i3869341.gc,enabled
Recording,subheroes,Save on TASCAM DR-40E Portable Digital Recorder,http://images.guitarcenter.com/Content/GC/promo/2015/08-Aug/category-sliders/subheroes/16687-GC-August-Merch-Selects-Web-Graphics-subheroes-recording4.jpg,http://www.guitarcenter.com/TASCAM-DR-40E-Portable-Digital-Recorder-with-Extra-2GB-Card-109277111-i3153703.gc,enabled
Recording,subheroes,New AirTurn PED Hands-Free Dual Footswitch Controller for Bluetooth Smart,http://images.guitarcenter.com/Content/GC/promo/2015/08-Aug/category-sliders/subheroes/16687-GC-August-Merch-Selects-Web-Graphics-subheroes-recording5.jpg,http://www.guitarcenter.com/AirTurn-PED-Hands-Free-Dual-Footswitch-Controller-for-Bluetooth-Smart-Equipped-Tablets---Computers-111125290-i4195442.gc,enabled
Recording,subheroes,Save on ProLine PLUTM Universal Tablet Mount,http://images.guitarcenter.com/Content/GC/promo/2015/08-Aug/category-sliders/subheroes/16687-GC-August-Merch-Selects-Web-Graphics-subheroes-recording6.jpg,http://www.guitarcenter.com/ProLine-PLUTM-Universal-Tablet-Mount-with-Stand-Attachment-110619343-i3917423.gc,enabled
Software,sliders,New Pro Tools 12.1 ,http://images.guitarcenter.com/Content/GC/promo/2015/08-Aug/category-sliders/slides/16687-GC-August-Merch-Selects-Web-Graphics-slides-software1.jpg,http://www.guitarcenter.com/Avid--Pro-Tools-12-g28162t0.gc?esid=Pro%20Tools,enabled
Software,sliders,Save on Pre Sonus Studio One ,http://images.guitarcenter.com/Content/GC/promo/2015/08-Aug/category-sliders/slides/16687-GC-August-Merch-Selects-Web-Graphics-slides-software2.jpg,http://www.guitarcenter.com/Save-on-Xchange-Software-Collections-g5822t1.gc,enabled
Software,sliders,Electronic License Delivery,http://images.guitarcenter.com/Content/GC/promo/2015/08-Aug/category-sliders/slides/16687-GC-August-Merch-Selects-Web-Graphics-slides-software3.jpg,"http://www.guitarcenter.com/Music-Software-Pro-Audio1,Boxed-or-Download-Download.gc?o=3&icid=400181",enabled
Software,subheroes,Spectrasonics Omnisphere 2 and Upgrade,http://images.guitarcenter.com/Content/GC/promo/2015/08-Aug/category-sliders/subheroes/16687-GC-August-Merch-Selects-Web-Graphics-subheroes-software1.jpg,http://www.guitarcenter.com/Spectrasonics-Omnisphere-2-g6236t1.gc,enabled
Software,subheroes,New Presonus Studio One 3.0,http://images.guitarcenter.com/Content/GC/promo/2015/08-Aug/category-sliders/subheroes/16687-GC-August-Merch-Selects-Web-Graphics-subheroes-software2.jpg,http://www.guitarcenter.com/New-Presonus-Studio-One-3-g6502t1.gc,enabled
Software,subheroes,Save on Steinberg Cubase 7.5,http://images.guitarcenter.com/Content/GC/promo/2015/08-Aug/category-sliders/subheroes/16687-GC-August-Merch-Selects-Web-Graphics-subheroes-software3.jpg,http://www.guitarcenter.com/Steinberg-Cubase-7-5-CMC-FD-Bundle-with-Free-Upgrade-to-Cubase-Pro-8-109278671-i3154643.gc,enabled
Software,subheroes,51st GC Anniversary Download Deals,http://images.guitarcenter.com/Content/GC/promo/2015/08-Aug/category-sliders/subheroes/16687-GC-August-Merch-Selects-Web-Graphics-subheroes-software4.jpg,http://www.guitarcenter.com/51st-GC-Anniversary-Download-Deals-g6684t1.gc,enabled
Software,subheroes,New Propellerhead Reason 8.3,http://images.guitarcenter.com/Content/GC/promo/2015/08-Aug/category-sliders/subheroes/16687-GC-August-Merch-Selects-Web-Graphics-subheroes-software5.jpg,http://www.guitarcenter.com/Propellerhead-Reason-8-3-g6692t1.gc,enabled
Software,subheroes,Save on Image Line FL Studio ,http://images.guitarcenter.com/Content/GC/promo/2015/08-Aug/category-sliders/subheroes/16687-GC-August-Merch-Selects-Web-Graphics-subheroes-software6.jpg,http://www.guitarcenter.com/Image-Line-FL-Studio--g6693t1.gc,enabled
Lighting,sliders,New Chauvet Jam Packs,http://images.guitarcenter.com/Content/GC/promo/2015/08-Aug/category-sliders/slides/16687-GC-August-Merch-Selects-Web-Graphics-slides-lighting1.jpg,http://www.guitarcenter.com/Chauvet-Jam-Packs-g6694t1.gc,enabled
Lighting,sliders,New American DJ Wifly NE1,http://images.guitarcenter.com/Content/GC/promo/2015/08-Aug/category-sliders/slides/16687-GC-August-Merch-Selects-Web-Graphics-slides-lighting2.jpg,http://www.guitarcenter.com/American-DJ-Wifly-NE1-111016713-i4149650.gc,enabled
Lighting,sliders,New Chauvet Funfetti Shot Confetti Cannon,http://images.guitarcenter.com/Content/GC/promo/2015/08-Aug/category-sliders/slides/16687-GC-August-Merch-Selects-Web-Graphics-slides-lighting3.jpg,http://www.guitarcenter.com/Chauvet-Funfetti-Shot-Confetti-Cannon-110894284-i4077816.gc,enabled
Lighting,subheroes,New American DJ Hex Par Pak,http://images.guitarcenter.com/Content/GC/promo/2015/08-Aug/category-sliders/subheroes/16687-GC-August-Merch-Selects-Web-Graphics-subheroes-lighting1.jpg,http://www.guitarcenter.com/American-DJ-Hex-Par-Pak-J22731-i4297282.gc,enabled
Lighting,subheroes,New Chauvet Intimidator Wave 360 IRC,http://images.guitarcenter.com/Content/GC/promo/2015/08-Aug/category-sliders/subheroes/16687-GC-August-Merch-Selects-Web-Graphics-subheroes-lighting2.jpg,http://www.guitarcenter.com/Chauvet-Intimidator-Wave-360-IRC-111119525-i4176722.gc,enabled
Lighting,subheroes,New American DJ Dotz Par Pak,http://images.guitarcenter.com/Content/GC/promo/2015/08-Aug/category-sliders/subheroes/16687-GC-August-Merch-Selects-Web-Graphics-subheroes-lighting3.jpg,http://www.guitarcenter.com/American-DJ-Dotz-Par-Pak-J22729-i4297281.gc,enabled
Lighting,subheroes,New Chauvet Ezwash Hex IRC,http://images.guitarcenter.com/Content/GC/promo/2015/08-Aug/category-sliders/subheroes/16687-GC-August-Merch-Selects-Web-Graphics-subheroes-lighting4.jpg,http://www.guitarcenter.com/Chauvet-EZwash-Hex-IRC-J20197-i4176733.gc,enabled
Lighting,subheroes,New American DJ VF1600 High Output Fog Machine,http://images.guitarcenter.com/Content/GC/promo/2015/08-Aug/category-sliders/subheroes/16687-GC-August-Merch-Selects-Web-Graphics-subheroes-lighting5.jpg,http://www.guitarcenter.com/American-DJ-VF1600-High-Output-Fog-Machine-111115507-i4129764.gc,enabled
Lighting,subheroes,New American DJ Pocket Spot Pak,http://images.guitarcenter.com/Content/GC/promo/2015/08-Aug/category-sliders/subheroes/16687-GC-August-Merch-Selects-Web-Graphics-subheroes-lighting6.jpg,http://www.guitarcenter.com/American-DJ-Pocket-Spot-Pak-111256046-i4297279.gc,enabled
iOS,sliders,New AirTurn PED Hands-Free Dual Footswitch Controller for Bluetooth Smart,http://images.guitarcenter.com/Content/GC/promo/2015/08-Aug/category-sliders/slides/16687-GC-August-Merch-Selects-Web-Graphics-slides-ios1.jpg,http://www.guitarcenter.com/AirTurn-PED-Hands-Free-Dual-Footswitch-Controller-for-Bluetooth-Smart-Equipped-Tablets---Computers-111125290-i4195442.gc,enabled
iOS,sliders,Save on ProLine PLUTM Universal Tablet Mount,http://images.guitarcenter.com/Content/GC/promo/2015/08-Aug/category-sliders/slides/16687-GC-August-Merch-Selects-Web-Graphics-slides-ios2.jpg,http://www.guitarcenter.com/ProLine-PLUTM-Universal-Tablet-Mount-with-Stand-Attachment-110619343-i3917423.gc,enabled
iOS,sliders,Save on IK Multimedia Golden Anniversary iRig HD,http://images.guitarcenter.com/Content/GC/promo/2015/08-Aug/category-sliders/slides/16687-GC-August-Merch-Selects-Web-Graphics-slides-ios3.jpg,http://www.guitarcenter.com/IK-Multimedia-Golden-Anniversary-iRig-HD-110148228-i3649337.gc,enabled
iOS,subheroes,Save on Presonus AudioBox iTwo Studio,http://images.guitarcenter.com/Content/GC/promo/2015/08-Aug/category-sliders/subheroes/16687-GC-August-Merch-Selects-Web-Graphics-subheroes-ios1.jpg,http://www.guitarcenter.com/Presonus-AudioBox-iTwo-Studio-110605250-i3895487.gc,enabled
iOS,subheroes,Best Seller Line 6 Sonic Port VX,http://images.guitarcenter.com/Content/GC/promo/2015/08-Aug/category-sliders/subheroes/16687-GC-August-Merch-Selects-Web-Graphics-subheroes-ios2.jpg,http://www.guitarcenter.com/Line-6-Sonic-Port-VX-110469293-i3818886.gc,enabled
iOS,subheroes,New IK Multimedia iRig 2 Guitar Interface,http://images.guitarcenter.com/Content/GC/promo/2015/08-Aug/category-sliders/subheroes/16687-GC-August-Merch-Selects-Web-Graphics-subheroes-ios3.jpg,http://www.guitarcenter.com/IK-Multimedia-iRig-2-Guitar-Interface-for-iOS--Mac-and-Select-Android-Devices-111148664-i4183730.gc,enabled
iOS,subheroes,New Behringer iStudio Is202,http://images.guitarcenter.com/Content/GC/promo/2015/08-Aug/category-sliders/subheroes/16687-GC-August-Merch-Selects-Web-Graphics-subheroes-ios4.jpg,http://www.guitarcenter.com/Behringer-iStudio-Is202-110890308-i4079605.gc,enabled
iOS,subheroes,New Marshall Stanmore Bluetooth Stereo Speaker,http://images.guitarcenter.com/Content/GC/promo/2015/08-Aug/category-sliders/subheroes/16687-GC-August-Merch-Selects-Web-Graphics-subheroes-ios5.jpg,http://www.guitarcenter.com/Marshall-Stanmore-Bluetooth-Stereo-Speaker-J20090-i4175177.gc,enabled
iOS,subheroes,New IK Multimedia iRig Mic Studio Black,http://images.guitarcenter.com/Content/GC/promo/2015/08-Aug/category-sliders/subheroes/16687-GC-August-Merch-Selects-Web-Graphics-subheroes-ios6.jpg,http://www.guitarcenter.com/IK-Multimedia-iRig-Mic-Studio-111263661-i4295802.gc,enabled